<?xml version="1.0"?>
<!--
/**
 * Copyright © 2016 MageWorx. All rights reserved.
 * See LICENSE.txt for license details.
 */
-->
<config xmlns:xsi="http://www.w3.org/2001/XMLSchema-instance" xsi:noNamespaceSchemaLocation="urn:magento:framework:Acl/etc/acl.xsd">
    <acl>
        <resources>
            <resource id="Magento_Backend::admin">
                <resource id="Magento_Backend::stores">
                    <resource id="Magento_Backend::stores_settings">
                        <resource id="Magento_Config::config">
                            <resource id="MageWorx_SeoRedirects::config_seoredirects" title="SEO Redirects (by MageWorx)" sortOrder="80"/>
                        </resource>
                    </resource>
                </resource>
                <resource id="Magento_Backend::marketing">
                    <resource id="MageWorx_SeoRedirects::seosuite" title="MageWorx SEO Redirects" sortOrder="50">
                        <resource id="MageWorx_SeoRedirects::dpredirects" title="Redirects for Deleted Products (by MageWorx)" sortOrder="30"/>
                        <resource id="MageWorx_SeoRedirects::customredirects" title="Custom Redirects (by MageWorx)" sortOrder="25"/>
                    </resource>
                </resource>
            </resource>
        </resources>
    </acl>
</config>